John,Smith,JohnSmith@abc.com
Mary,Silva,Mary@xyz.com
Sara,Parker,SaraP@mnp.com
Allen,Robson,AllenR@abc.com
Mark,Van,MarkVan@xyz.com
Hellen,Nova,HellenNova@mnp.com
John,Olloviera,JohnOL@abc.com
Sara,Jackson,SaraJK@mnp.com